{
   "projectName": "infor-m3-odin-sample-material",
   "proxy": {
      "/m3api-rest": {
         "target": "https://m3.server:25000",
         "secure": false,
         "changeOrigin": true,
         "logLevel": "debug"
      },
      "/mne": {
         "target": "https://m3.server:25000",
         "secure": false,
         "changeOrigin": true,
         "logLevel": "debug"
      },
      "/ca": {
         "target": "https://m3.server:25000",
         "secure": false,
         "changeOrigin": true,
         "logLevel": "debug"
      },
      "/ODIN_DEV_TENANT": {
         "target": "ODIN_ION_PROXY_TARGET",
         "secure": false,
         "changeOrigin": true,
         "pathRewrite": {
            "^/ODIN_DEV_TENANT": "/ODIN_ION_PROXY_TENANT"
         },
         "logLevel": "debug"
      }
   }
}
